"Variables ->","obs_l_gdp","obs_dl_cpi","obs_rs","obs_dl_cpi_targ","obs_rrs_ex"
"Comments ->","Real Gross Domestic Product","Consumer Price Index for All Urban Consumers: All Items Less Energy in U.S. City Average","3-Month Treasury Bill Secondary Market Rate","",""
"Class[Size] ->","Series[353-by-1]","Series[353-by-1]","Series[353-by-1]","Series[353-by-1]","Series[353-by-1]"
"1934Q1",NaN,NaN,5.26666667e-01,NaN,NaN
"1934Q2",NaN,NaN,1.53333333e-01,NaN,NaN
"1934Q3",NaN,NaN,1.83333333e-01,NaN,NaN
"1934Q4",NaN,NaN,2.50000000e-01,NaN,NaN
"1935Q1",NaN,NaN,1.80000000e-01,NaN,NaN
"1935Q2",NaN,NaN,1.50000000e-01,NaN,NaN
"1935Q3",NaN,NaN,1.70000000e-01,NaN,NaN
"1935Q4",NaN,NaN,1.70000000e-01,NaN,NaN
"1936Q1",NaN,NaN,2.00000000e-01,NaN,NaN
"1936Q2",NaN,NaN,2.00000000e-01,NaN,NaN
"1936Q3",NaN,NaN,1.70000000e-01,NaN,NaN
"1936Q4",NaN,NaN,1.20000000e-01,NaN,NaN
"1937Q1",NaN,NaN,2.33333333e-01,NaN,NaN
"1937Q2",NaN,NaN,4.43333333e-01,NaN,NaN
"1937Q3",NaN,NaN,2.93333333e-01,NaN,NaN
"1937Q4",NaN,NaN,1.33333333e-01,NaN,NaN
"1938Q1",NaN,NaN,8.66666667e-02,NaN,NaN
"1938Q2",NaN,NaN,6.33333333e-02,NaN,NaN
"1938Q3",NaN,NaN,7.00000000e-02,NaN,NaN
"1938Q4",NaN,NaN,4.00000000e-02,NaN,NaN
"1939Q1",NaN,NaN,3.00000000e-02,NaN,NaN
"1939Q2",NaN,NaN,3.00000000e-02,NaN,NaN
"1939Q3",NaN,NaN,7.66666667e-02,NaN,NaN
"1939Q4",NaN,NaN,4.66666667e-02,NaN,NaN
"1940Q1",NaN,NaN,1.66666667e-02,NaN,NaN
"1940Q2",NaN,NaN,6.00000000e-02,NaN,NaN
"1940Q3",NaN,NaN,4.66666667e-02,NaN,NaN
"1940Q4",NaN,NaN,2.00000000e-02,NaN,NaN
"1941Q1",NaN,NaN,5.66666667e-02,NaN,NaN
"1941Q2",NaN,NaN,1.10000000e-01,NaN,NaN
"1941Q3",NaN,NaN,1.16666667e-01,NaN,NaN
"1941Q4",NaN,NaN,2.33333333e-01,NaN,NaN
"1942Q1",NaN,NaN,2.56666667e-01,NaN,NaN
"1942Q2",NaN,NaN,3.53333333e-01,NaN,NaN
"1942Q3",NaN,NaN,3.80000000e-01,NaN,NaN
"1942Q4",NaN,NaN,3.80000000e-01,NaN,NaN
"1943Q1",NaN,NaN,3.80000000e-01,NaN,NaN
"1943Q2",NaN,NaN,3.80000000e-01,NaN,NaN
"1943Q3",NaN,NaN,3.80000000e-01,NaN,NaN
"1943Q4",NaN,NaN,3.80000000e-01,NaN,NaN
"1944Q1",NaN,NaN,3.80000000e-01,NaN,NaN
"1944Q2",NaN,NaN,3.80000000e-01,NaN,NaN
"1944Q3",NaN,NaN,3.80000000e-01,NaN,NaN
"1944Q4",NaN,NaN,3.80000000e-01,NaN,NaN
"1945Q1",NaN,NaN,3.80000000e-01,NaN,NaN
"1945Q2",NaN,NaN,3.80000000e-01,NaN,NaN
"1945Q3",NaN,NaN,3.80000000e-01,NaN,NaN
"1945Q4",NaN,NaN,3.80000000e-01,NaN,NaN
"1946Q1",NaN,NaN,3.80000000e-01,NaN,NaN
"1946Q2",NaN,NaN,3.80000000e-01,NaN,NaN
"1946Q3",NaN,NaN,3.80000000e-01,NaN,NaN
"1946Q4",NaN,NaN,3.80000000e-01,NaN,NaN
"1947Q1",7.61798079e+02,NaN,3.80000000e-01,NaN,NaN
"1947Q2",7.61531017e+02,NaN,3.80000000e-01,NaN,NaN
"1947Q3",7.61324300e+02,NaN,7.36666667e-01,NaN,NaN
"1947Q4",7.62876468e+02,NaN,9.06666667e-01,NaN,NaN
"1948Q1",7.64369467e+02,NaN,9.90000000e-01,NaN,NaN
"1948Q2",7.66006672e+02,NaN,1.00000000e+00,NaN,NaN
"1948Q3",7.66577967e+02,NaN,1.05000000e+00,NaN,NaN
"1948Q4",7.66689617e+02,NaN,1.14000000e+00,NaN,NaN
"1949Q1",7.65302089e+02,NaN,1.17000000e+00,NaN,NaN
"1949Q2",7.64960405e+02,NaN,1.17000000e+00,NaN,NaN
"1949Q3",7.65987537e+02,NaN,1.04333333e+00,NaN,NaN
"1949Q4",7.65144727e+02,NaN,1.07666667e+00,NaN,NaN
"1950Q1",7.68999563e+02,NaN,1.10333333e+00,NaN,NaN
"1950Q2",7.72003791e+02,NaN,1.15333333e+00,NaN,NaN
"1950Q3",7.75795407e+02,NaN,1.22000000e+00,NaN,NaN
"1950Q4",7.77692086e+02,NaN,1.33666667e+00,NaN,NaN
"1951Q1",7.79041104e+02,NaN,1.36666667e+00,NaN,NaN
"1951Q2",7.80758975e+02,NaN,1.49000000e+00,NaN,NaN
"1951Q3",7.82799022e+02,NaN,1.60333333e+00,NaN,NaN
"1951Q4",7.83019030e+02,NaN,1.61000000e+00,NaN,NaN
"1952Q1",7.84081896e+02,NaN,1.56666667e+00,NaN,NaN
"1952Q2",7.84297061e+02,NaN,1.64666667e+00,NaN,NaN
"1952Q3",7.85016317e+02,NaN,1.78333333e+00,NaN,NaN
"1952Q4",7.88247755e+02,NaN,1.89333333e+00,NaN,NaN
"1953Q1",7.90089556e+02,NaN,1.98000000e+00,NaN,NaN
"1953Q2",7.90859523e+02,NaN,2.15333333e+00,NaN,NaN
"1953Q3",7.90295257e+02,NaN,1.95666667e+00,NaN,NaN
"1953Q4",7.88769739e+02,NaN,1.47333333e+00,NaN,NaN
"1954Q1",7.88290569e+02,NaN,1.06000000e+00,NaN,NaN
"1954Q2",7.88399502e+02,NaN,7.90000000e-01,NaN,NaN
"1954Q3",7.89522518e+02,NaN,8.83333333e-01,NaN,NaN
"1954Q4",7.91460309e+02,NaN,1.02000000e+00,NaN,NaN
"1955Q1",7.94276514e+02,NaN,1.22333333e+00,NaN,NaN
"1955Q2",7.95890622e+02,NaN,1.48333333e+00,NaN,NaN
"1955Q3",7.97232049e+02,NaN,1.85666667e+00,NaN,NaN
"1955Q4",7.97830583e+02,NaN,2.33666667e+00,NaN,NaN
"1956Q1",7.97441446e+02,NaN,2.32666667e+00,NaN,NaN
"1956Q2",7.98264370e+02,NaN,2.56666667e+00,NaN,NaN
"1956Q3",7.98174490e+02,NaN,2.58333333e+00,NaN,NaN
"1956Q4",7.99806957e+02,NaN,3.03333333e+00,NaN,NaN
"1957Q1",8.00445207e+02,NaN,3.09666667e+00,NaN,NaN
"1957Q2",8.00225880e+02,2.79721420e+00,3.14000000e+00,NaN,2.99452470e-01
"1957Q3",8.01201128e+02,5.07796779e+00,3.35333333e+00,NaN,-1.93796779e+00
"1957Q4",8.00161462e+02,1.83066681e+00,3.31000000e+00,NaN,1.52266652e+00
"1958Q1",7.97531746e+02,4.54034387e+00,1.75666667e+00,NaN,-1.23034387e+00
"1958Q2",7.98186823e+02,2.25099075e+00,9.56666667e-01,NaN,-4.94324080e-01
"1958Q3",8.00473691e+02,0.00000000e+00,1.68000000e+00,NaN,9.56666667e-01
"1958Q4",8.02784885e+02,8.96861362e-01,2.69000000e+00,NaN,7.83138638e-01
"1959Q1",8.04686247e+02,0.00000000e+00,2.77333333e+00,NaN,2.69000000e+00
"1959Q2",8.06916363e+02,8.94854959e-01,3.00000000e+00,NaN,1.87847837e+00
"1959Q3",8.06986899e+02,2.67261573e+00,3.54000000e+00,NaN,3.27384267e-01
"1959Q4",8.07271383e+02,2.21361937e+00,4.23000000e+00,NaN,1.32638063e+00
"1960Q1",8.09494208e+02,4.41257629e-01,3.87333333e+00,NaN,3.78874237e+00
"1960Q2",8.08953677e+02,2.19901598e+00,2.99333333e+00,NaN,1.67431735e+00
"1960Q3",8.09441904e+02,0.00000000e+00,2.36000000e+00,NaN,2.99333333e+00
"1960Q4",8.08150194e+02,2.62296022e+00,2.30666667e+00,NaN,-2.62960218e-01
"1961Q1",8.08822831e+02,4.35492694e-01,2.35000000e+00,NaN,1.87117397e+00
"1961Q2",8.10506020e+02,4.35019075e-01,2.30333333e+00,NaN,1.91498093e+00
"1961Q3",8.12407416e+02,1.30222578e+00,2.30333333e+00,NaN,1.00110755e+00
"1961Q4",8.14349532e+02,4.33134856e-01,2.46000000e+00,NaN,1.87019848e+00
"1962Q1",8.16117460e+02,2.15866687e+00,2.72333333e+00,NaN,3.01333131e-01
"1962Q2",8.17017066e+02,1.71858481e+00,2.71666667e+00,NaN,1.00474852e+00
"1962Q3",8.18238094e+02,1.28411025e+00,2.84000000e+00,NaN,1.43255641e+00
"1962Q4",8.18566456e+02,8.53789011e-01,2.81333333e+00,NaN,1.98621099e+00
"1963Q1",8.19652115e+02,8.51970503e-01,2.90666667e+00,NaN,1.96136283e+00
"1963Q2",8.20767988e+02,1.27456295e+00,2.94000000e+00,NaN,1.63210372e+00
"1963Q3",8.22942605e+02,2.11528785e+00,3.29333333e+00,NaN,8.24712151e-01
"1963Q4",8.23596068e+02,1.68421301e+00,3.49666667e+00,NaN,1.60912032e+00
"1964Q1",8.25682404e+02,1.67715130e+00,3.53000000e+00,NaN,1.81951536e+00
"1964Q2",8.26765253e+02,4.18191361e-01,3.47666667e+00,NaN,3.11180864e+00
"1964Q3",8.28315476e+02,8.35073372e-01,3.49666667e+00,NaN,2.64159329e+00
"1964Q4",8.28623871e+02,2.49481058e+00,3.68333333e+00,NaN,1.00185608e+00
"1965Q1",8.31014811e+02,8.28157646e-01,3.89000000e+00,NaN,2.85517569e+00
"1965Q2",8.32270196e+02,2.47423469e+00,3.87333333e+00,NaN,1.41576531e+00
"1965Q3",8.34469095e+02,1.23140169e+00,3.86666667e+00,NaN,2.64193164e+00
"1965Q4",8.36746993e+02,2.04394926e+00,4.16666667e+00,NaN,1.82271741e+00
"1966Q1",8.39152067e+02,3.65299343e+00,4.61000000e+00,NaN,5.13673241e-01
"1966Q2",8.39493086e+02,4.41993447e+00,4.58666667e+00,NaN,1.90065525e-01
"1966Q3",8.40336425e+02,3.58033221e+00,5.04333333e+00,NaN,1.00633446e+00
"1966Q4",8.41153485e+02,2.76271449e+00,5.21000000e+00,NaN,2.28061885e+00
"1967Q1",8.42035140e+02,1.57016885e+00,4.51333333e+00,NaN,3.63983115e+00
"1967Q2",8.42096419e+02,2.34375671e+00,3.66000000e+00,NaN,2.16957663e+00
"1967Q3",8.43038092e+02,3.87599932e+00,4.30000000e+00,NaN,-2.15999320e-01
"1967Q4",8.43789281e+02,3.83880106e+00,4.75333333e+00,NaN,4.61198944e-01
"1968Q1",8.45808269e+02,4.93599049e+00,5.05000000e+00,NaN,-1.82657161e-01
"1968Q2",8.47465264e+02,4.12955334e+00,5.52000000e+00,NaN,9.20446663e-01
"1968Q3",8.48237232e+02,4.82604462e+00,5.19666667e+00,NaN,6.93955379e-01
"1968Q4",8.48629781e+02,5.13297603e+00,5.58666667e+00,NaN,6.36906387e-02
"1969Q1",8.50182775e+02,5.06794110e+00,6.09333333e+00,NaN,5.18725570e-01
"1969Q2",8.50486309e+02,6.77680052e+00,6.19666667e+00,NaN,-6.83467189e-01
"1969Q3",8.51144651e+02,5.61905641e+00,7.02333333e+00,NaN,5.77610261e-01
"1969Q4",8.50655763e+02,6.22849955e+00,7.35333333e+00,NaN,7.94833785e-01
"1970Q1",8.50507182e+02,6.80867503e+00,7.21000000e+00,NaN,5.44658306e-01
"1970Q2",8.50649012e+02,5.69762461e+00,6.67666667e+00,NaN,1.51237539e+00
"1970Q3",8.51566342e+02,4.30289627e+00,6.32666667e+00,NaN,2.37377039e+00
"1970Q4",8.50488921e+02,5.23310816e+00,5.35333333e+00,NaN,1.09355850e+00
"1971Q1",8.53168685e+02,3.55845452e+00,3.84000000e+00,NaN,1.79487881e+00
"1971Q2",8.53708346e+02,4.80197844e+00,4.25000000e+00,NaN,-9.61978439e-01
"1971Q3",8.54527945e+02,2.85375765e+00,5.01000000e+00,NaN,1.39624235e+00
"1971Q4",8.54763452e+02,2.51969337e+00,4.23000000e+00,NaN,2.49030663e+00
"1972Q1",8.56585706e+02,4.06094859e+00,3.43666667e+00,NaN,1.69051414e-01
"1972Q2",8.58830102e+02,2.78746773e+00,3.77000000e+00,NaN,6.49198940e-01
"1972Q3",8.59770053e+02,3.38073468e+00,4.22000000e+00,NaN,3.89265315e-01
"1972Q4",8.61430647e+02,3.35240058e+00,4.86333333e+00,NaN,8.67599425e-01
"1973Q1",8.63875326e+02,6.02421025e+00,5.70000000e+00,NaN,-1.16087692e+00
"1973Q2",8.64958106e+02,8.86954300e+00,6.60333333e+00,NaN,-3.16954300e+00
"1973Q3",8.64430819e+02,7.81783843e+00,8.32333333e+00,NaN,-1.21450510e+00
"1973Q4",8.65375559e+02,8.23015909e+00,7.50000000e+00,NaN,9.31742468e-02
"1974Q1",8.64512069e+02,9.16388569e+00,7.61666667e+00,NaN,-1.66388569e+00
"1974Q2",8.64749470e+02,9.49518983e+00,8.15333333e+00,NaN,-1.87852316e+00
"1974Q3",8.63799832e+02,1.13651517e+01,8.19000000e+00,NaN,-3.21181837e+00
"1974Q4",8.63410936e+02,1.25691649e+01,7.36000000e+00,NaN,-4.37916494e+00
"1975Q1",8.62186181e+02,8.24771488e+00,5.75000000e+00,NaN,-8.87714881e-01
"1975Q2",8.62898176e+02,4.67266303e+00,5.39333333e+00,NaN,1.07733697e+00
"1975Q3",8.64595345e+02,7.26852223e+00,6.33000000e+00,NaN,-1.87518889e+00
"1975Q4",8.65932884e+02,7.37457700e+00,5.62666667e+00,NaN,-1.04457700e+00
"1976Q1",8.68156732e+02,4.45360593e+00,4.91666667e+00,NaN,1.17306074e+00
"1976Q2",8.68887754e+02,3.25016298e+00,5.15666667e+00,NaN,1.66650369e+00
"1976Q3",8.69434960e+02,6.87696022e+00,5.15000000e+00,NaN,-1.72029355e+00
"1976Q4",8.70157196e+02,5.41769004e+00,4.67333333e+00,NaN,-2.67690043e-01
"1977Q1",8.71331755e+02,6.22926939e+00,4.63000000e+00,NaN,-1.55593605e+00
"1977Q2",8.73257212e+02,7.00236701e+00,4.84000000e+00,NaN,-2.37236701e+00
"1977Q3",8.75045482e+02,6.02810117e+00,5.49666667e+00,NaN,-1.18810117e+00
"1977Q4",8.75047668e+02,5.30652516e+00,6.11000000e+00,NaN,1.90141508e-01
"1978Q1",8.75366323e+02,7.51980371e+00,6.39333333e+00,NaN,-1.40980371e+00
"1978Q2",8.79157800e+02,9.40738656e+00,6.47666667e+00,NaN,-3.01405322e+00
"1978Q3",8.80158295e+02,9.19121358e+00,7.31333333e+00,NaN,-2.71454691e+00
"1978Q4",8.81493485e+02,8.40490244e+00,8.57000000e+00,NaN,-1.09156910e+00
"1979Q1",8.81673110e+02,1.01222876e+01,9.38333333e+00,NaN,-1.55228757e+00
"1979Q2",8.81779973e+02,9.68841028e+00,9.37666667e+00,NaN,-3.05076943e-01
"1979Q3",8.82520099e+02,9.27947005e+00,9.67333333e+00,NaN,9.71966210e-02
"1979Q4",8.82769862e+02,1.09984756e+01,1.18433333e+01,NaN,-1.32514226e+00
"1980Q1",8.83083887e+02,1.29126771e+01,1.33533333e+01,NaN,-1.06934376e+00
"1980Q2",8.81001891e+02,1.21802946e+01,9.61666667e+00,NaN,1.17303875e+00
"1980Q3",8.80882973e+02,7.48902624e+00,9.15333333e+00,NaN,2.12764042e+00
"1980Q4",8.82730723e+02,1.20739905e+01,1.36133333e+01,NaN,-2.92065720e+00
"1981Q1",8.84671202e+02,8.66906996e+00,1.43900000e+01,NaN,4.94426337e+00
"1981Q2",8.83927379e+02,7.58460342e+00,1.49066667e+01,NaN,6.80539658e+00
"1981Q3",8.85117791e+02,1.21355960e+01,1.50533333e+01,NaN,2.77107071e+00
"1981Q4",8.84022248e+02,6.64995439e+00,1.17500000e+01,NaN,8.40337895e+00
"1982Q1",8.82456509e+02,4.98670751e+00,1.28133333e+01,NaN,6.76329249e+00
"1982Q2",8.82911670e+02,6.46081462e+00,1.24200000e+01,NaN,6.35251872e+00
"1982Q3",8.82528638e+02,6.22096520e+00,9.31666667e+00,NaN,6.19903480e+00
"1982Q4",8.82568577e+02,1.36939538e+00,7.90666667e+00,NaN,7.94727129e+00
"1983Q1",8.83877816e+02,2.18132783e+00,8.10666667e+00,NaN,5.72533883e+00
"1983Q2",8.86127923e+02,4.05820187e+00,8.39666667e+00,NaN,4.04846480e+00
"1983Q3",8.88107268e+02,4.01744254e+00,9.14000000e+00,NaN,4.37922412e+00
"1983Q4",8.90172022e+02,4.50485053e+00,8.80000000e+00,NaN,4.63514947e+00
"1984Q1",8.92107932e+02,6.14491575e+00,9.17000000e+00,NaN,2.65508425e+00
"1984Q2",8.93820968e+02,4.13040133e+00,9.79666667e+00,NaN,5.03959867e+00
"1984Q3",8.94780414e+02,4.46932024e+00,1.03200000e+01,NaN,5.32734643e+00
"1984Q4",8.95597921e+02,3.66569164e+00,8.80333333e+00,NaN,6.65430836e+00
"1985Q1",8.96562328e+02,4.13084566e+00,8.18333333e+00,NaN,4.67248767e+00
"1985Q2",8.97438940e+02,3.47181349e+00,7.46000000e+00,NaN,4.71151985e+00
"1985Q3",8.98954519e+02,2.95204292e+00,7.10666667e+00,NaN,4.50795708e+00
"1985Q4",8.99695097e+02,4.50880631e+00,7.16666667e+00,NaN,2.59786036e+00
"1986Q1",9.00624291e+02,3.97893258e+00,6.89666667e+00,NaN,3.18773408e+00
"1986Q2",9.01073657e+02,3.22630577e+00,6.14000000e+00,NaN,3.67036090e+00
"1986Q3",9.02026100e+02,4.14388788e+00,5.52333333e+00,NaN,1.99611212e+00
"1986Q4",9.02561649e+02,4.10139817e+00,5.35333333e+00,NaN,1.42193516e+00
"1987Q1",9.03303907e+02,3.71340062e+00,5.53666667e+00,NaN,1.63993272e+00
"1987Q2",9.04376972e+02,4.47958738e+00,5.65666667e+00,NaN,1.05707929e+00
"1987Q3",9.05240797e+02,3.63845601e+00,6.04333333e+00,NaN,2.01821065e+00
"1987Q4",9.06943258e+02,4.27811565e+00,5.86333333e+00,NaN,1.76521769e+00
"1988Q1",9.07458582e+02,3.45646750e+00,5.72333333e+00,NaN,2.40686583e+00
"1988Q2",9.08763926e+02,4.74553780e+00,6.21000000e+00,NaN,9.77795537e-01
"1988Q3",9.09348145e+02,5.12338385e+00,7.01000000e+00,NaN,1.08661615e+00
"1988Q4",9.10671846e+02,4.63055380e+00,7.72666667e+00,NaN,2.37944620e+00
"1989Q1",9.11683311e+02,4.47169949e+00,8.54000000e+00,NaN,3.25496718e+00
"1989Q2",9.12443678e+02,4.73627425e+00,8.41000000e+00,NaN,3.80372575e+00
"1989Q3",9.13181824e+02,4.05989172e+00,7.84333333e+00,NaN,4.35010828e+00
"1989Q4",9.13378681e+02,4.83856112e+00,7.65333333e+00,NaN,3.00477221e+00
"1990Q1",9.14465549e+02,5.79057731e+00,7.76000000e+00,NaN,1.86275602e+00
"1990Q2",9.14827804e+02,4.71242447e+00,7.74666667e+00,NaN,3.04757553e+00
"1990Q3",9.14894294e+02,5.83807519e+00,7.47666667e+00,NaN,1.90859148e+00
"1990Q4",9.13979730e+02,4.39618542e+00,6.99000000e+00,NaN,3.08048125e+00
"1991Q1",9.13510764e+02,5.11651721e+00,6.02333333e+00,NaN,1.87348279e+00
"1991Q2",9.14287458e+02,3.81864475e+00,5.56000000e+00,NaN,2.20468858e+00
"1991Q3",9.14791524e+02,3.31166883e+00,5.37666667e+00,NaN,2.24833117e+00
"1991Q4",9.15139482e+02,3.28447593e+00,4.54000000e+00,NaN,2.09219073e+00
"1992Q1",9.16329530e+02,3.07228323e+00,3.89333333e+00,NaN,1.46771677e+00
"1992Q2",9.17408014e+02,3.04886567e+00,3.68000000e+00,NaN,8.44467666e-01
"1992Q3",9.18391272e+02,2.93444691e+00,3.08333333e+00,NaN,7.45553093e-01
"1992Q4",9.19428751e+02,3.27572349e+00,3.07000000e+00,NaN,-1.92390160e-01
"1993Q1",9.19595591e+02,3.15921760e+00,2.96000000e+00,NaN,-8.92175957e-02
"1993Q2",9.20176017e+02,3.22365747e+00,2.96666667e+00,NaN,-2.63657475e-01
"1993Q3",9.20652039e+02,2.40080747e+00,3.00333333e+00,NaN,5.65859193e-01
"1993Q4",9.22002948e+02,3.09086426e+00,3.06000000e+00,NaN,-8.75309255e-02
"1994Q1",9.22968584e+02,2.36816830e+00,3.24333333e+00,NaN,6.91831697e-01
"1994Q2",9.24314584e+02,2.70182964e+00,3.98666667e+00,NaN,5.41503691e-01
"1994Q3",9.24897418e+02,3.20105526e+00,4.47666667e+00,NaN,7.85611409e-01
"1994Q4",9.26036425e+02,2.49114947e+00,5.28000000e+00,NaN,1.98551720e+00
"1995Q1",9.26390493e+02,3.15600315e+00,5.73666667e+00,2.25000000e+00,2.12399685e+00
"1995Q2",9.26688355e+02,3.29986007e+00,5.59666667e+00,2.25000000e+00,2.43680660e+00
"1995Q3",9.27535422e+02,2.43621461e+00,5.36666667e+00,2.25000000e+00,3.16045206e+00
"1995Q4",9.28212163e+02,2.75431448e+00,5.26000000e+00,2.25000000e+00,2.61235218e+00
"1996Q1",9.28958344e+02,2.81808045e+00,4.93000000e+00,2.25000000e+00,2.44191955e+00
"1996Q2",9.30612471e+02,2.55223671e+00,5.02000000e+00,2.25000000e+00,2.37776329e+00
"1996Q3",9.31505483e+02,2.94359464e+00,5.09666667e+00,2.25000000e+00,2.07640536e+00
"1996Q4",9.32538526e+02,3.00295618e+00,4.97666667e+00,2.25000000e+00,2.09371049e+00
"1997Q1",9.33182012e+02,2.09677899e+00,5.06000000e+00,2.25000000e+00,2.87988767e+00
"1997Q2",9.34830331e+02,2.16585308e+00,5.04666667e+00,2.25000000e+00,2.89414692e+00
"1997Q3",9.36073352e+02,1.83578093e+00,5.04666667e+00,2.25000000e+00,3.21088573e+00
"1997Q4",9.36928429e+02,2.30273589e+00,5.09000000e+00,2.25000000e+00,2.74393078e+00
"1998Q1",9.37922844e+02,2.44697359e+00,5.05333333e+00,2.25000000e+00,2.64302641e+00
"1998Q2",9.38844405e+02,2.11910630e+00,4.97666667e+00,2.25000000e+00,2.93422703e+00
"1998Q3",9.40089387e+02,2.34147010e+00,4.82333333e+00,2.25000000e+00,2.63519657e+00
"1998Q4",9.41692656e+02,2.40520558e+00,4.25333333e+00,2.25000000e+00,2.41812775e+00
"1999Q1",9.42632057e+02,1.85221245e+00,4.40666667e+00,2.25000000e+00,2.40112088e+00
"1999Q2",9.43463590e+02,1.84367524e+00,4.45333333e+00,2.25000000e+00,2.56299142e+00
"1999Q3",9.44777941e+02,1.91150130e+00,4.65000000e+00,2.25000000e+00,2.54183204e+00
"1999Q4",9.46407373e+02,2.28180881e+00,5.04333333e+00,2.25000000e+00,2.36819119e+00
"2000Q1",9.46771158e+02,2.49504637e+00,5.52000000e+00,2.25000000e+00,2.54828697e+00
"2000Q2",9.48575366e+02,2.55447900e+00,5.71333333e+00,2.25000000e+00,2.96552100e+00
"2000Q3",9.48675091e+02,2.83583277e+00,6.01666667e+00,2.25000000e+00,2.87750056e+00
"2000Q4",9.49267693e+02,2.22469984e+00,6.01666667e+00,2.25000000e+00,3.79196683e+00
"2001Q1",9.48942946e+02,3.16731238e+00,4.81666667e+00,2.25000000e+00,2.84935429e+00
"2001Q2",9.49562412e+02,2.55965770e+00,3.66000000e+00,2.25000000e+00,2.25700897e+00
"2001Q3",9.49161260e+02,2.83302737e+00,3.17000000e+00,2.25000000e+00,8.26972630e-01
"2001Q4",9.49438190e+02,2.52548868e+00,1.90666667e+00,2.25000000e+00,6.44511318e-01
"2002Q1",9.50263006e+02,2.08053558e+00,1.72000000e+00,2.25000000e+00,-1.73868918e-01
"2002Q2",9.50876622e+02,1.85615182e+00,1.71333333e+00,2.25000000e+00,-1.36151823e-01
"2002Q3",9.51279339e+02,1.91846891e+00,1.64333333e+00,2.25000000e+00,-2.05135572e-01
"2002Q4",9.51409909e+02,1.62702497e+00,1.33333333e+00,2.25000000e+00,1.63083648e-02
"2003Q1",9.51925302e+02,1.47978677e+00,1.15666667e+00,2.25000000e+00,-1.46453433e-01
"2003Q2",9.52814713e+02,1.05364887e+00,1.04000000e+00,2.25000000e+00,1.03017800e-01
"2003Q3",9.54467869e+02,1.81977567e+00,9.30000000e-01,2.25000000e+00,-7.79775667e-01
"2003Q4",9.55615306e+02,1.67247630e+00,9.16666667e-01,2.25000000e+00,-7.42476304e-01
"2004Q1",9.56186588e+02,2.01162307e+00,9.16666667e-01,2.25000000e+00,-1.09495641e+00
"2004Q2",9.56962310e+02,2.75815608e+00,1.07666667e+00,2.25000000e+00,-1.84148941e+00
"2004Q3",9.57899155e+02,1.78265636e+00,1.48666667e+00,2.25000000e+00,-7.05989695e-01
"2004Q4",9.58915995e+02,2.52323742e+00,2.00666667e+00,2.25000000e+00,-1.03657075e+00
"2005Q1",9.60020753e+02,2.30470050e+00,2.53666667e+00,2.25000000e+00,-2.98033829e-01
"2005Q2",9.60506177e+02,2.15706623e+00,2.86333333e+00,2.25000000e+00,3.79600435e-01
"2005Q3",9.61288729e+02,1.34228314e+00,3.36000000e+00,2.25000000e+00,1.52105019e+00
"2005Q4",9.61855051e+02,2.60456718e+00,3.82666667e+00,2.25000000e+00,7.55432821e-01
"2006Q1",9.63194703e+02,2.58771741e+00,4.39333333e+00,2.25000000e+00,1.23894926e+00
"2006Q2",9.63439986e+02,2.89951846e+00,4.70333333e+00,2.25000000e+00,1.49381487e+00
"2006Q3",9.63590329e+02,2.74825226e+00,4.90666667e+00,2.25000000e+00,1.95508107e+00
"2006Q4",9.64430502e+02,2.14617213e+00,4.90333333e+00,2.25000000e+00,2.76049454e+00
"2007Q1",9.64723670e+02,2.73813402e+00,4.98333333e+00,2.25000000e+00,2.16519932e+00
"2007Q2",9.65360075e+02,2.32134935e+00,4.73666667e+00,2.25000000e+00,2.66198399e+00
"2007Q3",9.65960576e+02,2.44802166e+00,4.30333333e+00,2.25000000e+00,2.28864500e+00
"2007Q4",9.66568369e+02,3.05268995e+00,3.39000000e+00,2.25000000e+00,1.25064338e+00
"2008Q1",9.66160107e+02,2.95934472e+00,2.04333333e+00,2.25000000e+00,4.30655278e-01
"2008Q2",9.66730771e+02,2.45677595e+00,1.62666667e+00,2.25000000e+00,-4.13442614e-01
"2008Q3",9.66202485e+02,3.45140527e+00,1.49333333e+00,2.25000000e+00,-1.82473860e+00
"2008Q4",9.63995206e+02,1.50598455e+00,2.96666667e-01,2.25000000e+00,-1.26512119e-02
"2009Q1",9.62822635e+02,1.40036565e+00,2.13333333e-01,2.25000000e+00,-1.10369899e+00
"2009Q2",9.62653254e+02,1.43887690e+00,1.73333333e-01,2.25000000e+00,-1.22554357e+00
"2009Q3",9.63014530e+02,8.34622788e-01,1.56666667e-01,2.25000000e+00,-6.61289455e-01
"2009Q4",9.64076830e+02,1.81099868e+00,5.66666667e-02,2.25000000e+00,-1.65433202e+00
"2010Q1",9.64575637e+02,3.41684547e-01,1.06666667e-01,2.25000000e+00,-2.85017880e-01
"2010Q2",9.65538690e+02,5.89826213e-01,1.46666667e-01,2.25000000e+00,-4.83159546e-01
"2010Q3",9.66308860e+02,9.22698712e-01,1.56666667e-01,2.25000000e+00,-7.76032045e-01
"2010Q4",9.66827110e+02,1.23037751e+00,1.36666667e-01,2.25000000e+00,-1.07371085e+00
"2011Q1",9.66585904e+02,2.37160543e+00,1.26666667e-01,2.25000000e+00,-2.23493877e+00
"2011Q2",9.67261666e+02,2.42430775e+00,4.66666667e-02,2.25000000e+00,-2.29764108e+00
"2011Q3",9.67222891e+02,3.04827090e+00,2.33333333e-02,2.25000000e+00,-3.00160423e+00
"2011Q4",9.68338325e+02,2.22640603e+00,1.33333333e-02,2.25000000e+00,-2.20307270e+00
"2012Q1",9.69152921e+02,2.07032551e+00,6.66666667e-02,2.25000000e+00,-2.05699217e+00
"2012Q2",9.69607745e+02,1.92241205e+00,8.66666667e-02,2.25000000e+00,-1.85574538e+00
"2012Q3",9.69782476e+02,1.74877431e+00,1.03333333e-01,2.25000000e+00,-1.66210765e+00
"2012Q4",9.69892253e+02,1.85935318e+00,8.66666667e-02,2.25000000e+00,-1.75601985e+00
"2013Q1",9.70756299e+02,1.91902605e+00,8.66666667e-02,2.25000000e+00,-1.83235939e+00
"2013Q2",9.70895587e+02,9.32319207e-01,5.00000000e-02,2.25000000e+00,-8.45652540e-01
"2013Q3",9.71684124e+02,1.97890471e+00,3.33333333e-02,2.25000000e+00,-1.92890471e+00
"2013Q4",9.72392778e+02,1.64655714e+00,6.33333333e-02,2.25000000e+00,-1.61322381e+00
"2014Q1",9.72042054e+02,1.69177241e+00,4.66666667e-02,2.25000000e+00,-1.62843907e+00
"2014Q2",9.73318008e+02,2.42243769e+00,3.33333333e-02,2.25000000e+00,-2.37577102e+00
"2014Q3",9.74476236e+02,1.83826478e+00,2.66666667e-02,2.25000000e+00,-1.80493145e+00
"2014Q4",9.74924224e+02,1.76254111e+00,2.33333333e-02,2.25000000e+00,-1.73587444e+00
"2015Q1",9.75734248e+02,1.36742586e+00,2.66666667e-02,2.25000000e+00,-1.34409252e+00
"2015Q2",9.76312574e+02,2.07551066e+00,2.00000000e-02,2.25000000e+00,-2.04884399e+00
"2015Q3",9.76635425e+02,2.02638218e+00,4.00000000e-02,2.25000000e+00,-2.00638218e+00
"2015Q4",9.76781553e+02,1.95992142e+00,1.23333333e-01,2.25000000e+00,-1.91992142e+00
"2016Q1",9.77369004e+02,1.72856830e+00,2.86666667e-01,2.25000000e+00,-1.60523497e+00
"2016Q2",9.77670936e+02,2.13673694e+00,2.56666667e-01,2.25000000e+00,-1.85007027e+00
"2016Q3",9.78270252e+02,1.72382887e+00,2.96666667e-01,2.25000000e+00,-1.46716220e+00
"2016Q4",9.78765911e+02,1.58342185e+00,4.30000000e-01,2.25000000e+00,-1.28675518e+00
"2017Q1",9.79236731e+02,1.97557426e+00,5.90000000e-01,2.25000000e+00,-1.54557426e+00
"2017Q2",9.79794935e+02,1.16194398e+00,8.90000000e-01,2.25000000e+00,-5.71943980e-01
"2017Q3",9.80511512e+02,1.48959146e+00,1.03666667e+00,2.25000000e+00,-5.99591460e-01
"2017Q4",9.81447517e+02,2.15020732e+00,1.20666667e+00,2.25000000e+00,-1.11354065e+00
"2018Q1",9.82207477e+02,2.50313807e+00,1.56000000e+00,2.25000000e+00,-1.29647140e+00
"2018Q2",9.83037930e+02,2.15564063e+00,1.84000000e+00,2.25000000e+00,-5.95640630e-01
"2018Q3",9.83518724e+02,1.61173694e+00,2.04000000e+00,2.25000000e+00,2.28263058e-01
"2018Q4",9.83741618e+02,1.95624232e+00,2.31666667e+00,2.25000000e+00,8.37576775e-02
"2019Q1",9.84337628e+02,2.45131094e+00,2.38666667e+00,2.25000000e+00,-1.34644274e-01
"2019Q2",9.85127426e+02,2.09069257e+00,2.30000000e+00,2.25000000e+00,2.95974098e-01
"2019Q3",9.85810586e+02,2.29929894e+00,1.98000000e+00,2.25000000e+00,7.01055325e-04
"2019Q4",9.86278586e+02,2.03862368e+00,1.57666667e+00,2.25000000e+00,-5.86236839e-02
"2020Q1",9.84966432e+02,2.25647955e+00,1.11000000e+00,2.25000000e+00,-6.79812885e-01
"2020Q2",9.75604296e+02,1.52223922e-01,1.43333333e-01,2.25000000e+00,9.57776078e-01
"2020Q3",9.82880571e+02,3.51811856e+00,1.13333333e-01,2.25000000e+00,-3.37478522e+00
"2020Q4",9.83989674e+02,1.79783621e+00,9.33333333e-02,2.25000000e+00,-1.68450288e+00
"2021Q1",9.85511919e+02,1.54595348e+00,5.00000000e-02,2.25000000e+00,-1.45262015e+00
"2021Q2",9.87139350e+02,6.99078995e+00,2.66666667e-02,NaN,-6.94078995e+00
"2021Q3",9.87708675e+02,5.52109741e+00,4.66666667e-02,NaN,-5.49443075e+00
"2021Q4",9.89375484e+02,6.00117290e+00,5.33333333e-02,NaN,-5.95450623e+00
"2022Q1",9.89019434e+02,6.80331832e+00,3.06666667e-01,NaN,-6.74998499e+00